{
  "num_leaves": 219,
  "max_depth": 4,
  "learning_rate": 0.05038571745706107,
  "n_estimators": 486,
  "subsample": 0.6225654151521363,
  "colsample_bytree": 0.4984212444915074,
  "reg_alpha": 3.995955619354117e-08,
  "reg_lambda": 0.005469456060763179,
  "min_child_samples": 5,
  "random_state": 42,
  "n_jobs": -1,
  "verbosity": -1
}