{
  "num_leaves": 255,
  "max_depth": 3,
  "learning_rate": 0.23796790723092828,
  "n_estimators": 485,
  "subsample": 0.6200889556919014,
  "colsample_bytree": 0.4533730363530409,
  "reg_alpha": 3.6630230388546467e-07,
  "reg_lambda": 5.954097097434783e-05,
  "min_child_samples": 29,
  "random_state": 42,
  "n_jobs": -1,
  "verbosity": -1
}