{
 "L": {
  "(0, 0)": {
   "entropy": 1.4840333020029632,
   "mean": 9.016948067837778e-19,
   "shape": [
    120,
    160
   ],
   "std": 0.1664068983769249
  },
  "(0, 1)": {
   "entropy": 1.4840333020029632,
   "mean": 5.249345518450651e-20,
   "shape": [
    120,
    160
   ],
   "std": 0.058833723139141376
  },
  "(0, 2)": {
   "entropy": 4.279831123823557,
   "mean": 2.8760553836182723e-34,
   "shape": [
    120,
    160
   ],
   "std": 3.1962241143265434e-17
  },
  "(0, 3)": {
   "entropy": 1.4840333020029632,
   "mean": -1.446506398457744e-19,
   "shape": [
    120,
    160
   ],
   "std": 0.058833723139374586
  },
  "(1, 0)": {
   "entropy": 1.5681011420751103,
   "mean": -1.1102230246251566e-18,
   "shape": [
    60,
    80
   ],
   "std": 0.8671284993573217
  },
  "(1, 1)": {
   "entropy": 1.5681011420751103,
   "mean": -2.5211314517529597e-18,
   "shape": [
    60,
    80
   ],
   "std": 0.30657622102715715
  },
  "(1, 2)": {
   "entropy": 3.5984770919451377,
   "mean": 0.0,
   "shape": [
    60,
    80
   ],
   "std": 6.820117688048022e-17
  },
  "(1, 3)": {
   "entropy": 1.5681011420751103,
   "mean": -3.4231876592608994e-18,
   "shape": [
    60,
    80
   ],
   "std": 0.30657622102837234
  },
  "(2, 0)": {
   "entropy": 1.8627125408292282,
   "mean": -1.0954200509634878e-16,
   "shape": [
    30,
    40
   ],
   "std": 4.792331143503526
  },
  "(2, 1)": {
   "entropy": 1.8627125408292282,
   "mean": 4.366877230192282e-17,
   "shape": [
    30,
    40
   ],
   "std": 1.6943449246276467
  },
  "(2, 2)": {
   "entropy": 1.8627125408292282,
   "mean": 2.0543252740130517e-35,
   "shape": [
    30,
    40
   ],
   "std": 2.9797833214453746e-17
  },
  "(2, 3)": {
   "entropy": 1.8627125408292282,
   "mean": -1.9984014443252817e-17,
   "shape": [
    30,
    40
   ],
   "std": 1.694344924634363
  },
  "residual_highpass": {
   "entropy": 1.1894479061605656,
   "mean": 1.3688702948932984e-16,
   "shape": [
    120,
    160
   ],
   "std": 0.12320420776163635
  },
  "residual_lowpass": {
   "entropy": 2.649158683274018,
   "mean": 141.12172473073005,
   "shape": [
    15,
    20
   ],
   "std": 99.40189337627888
  }
 },
 "a": {
  "(0, 0)": {
   "entropy": 1.4840333020029632,
   "mean": 1.4588157282985197e-22,
   "shape": [
    120,
    160
   ],
   "std": 1.0565084301973537e-05
  },
  "(0, 1)": {
   "entropy": 1.4840333020029632,
   "mean": 1.016880699698522e-23,
   "shape": [
    120,
    160
   ],
   "std": 3.735321376858213e-06
  },
  "(0, 2)": {
   "entropy": 4.345285897727484,
   "mean": 1.0030885127016854e-38,
   "shape": [
    120,
    160
   ],
   "std": 1.7070548784067838e-21
  },
  "(0, 3)": {
   "entropy": 1.4840333020029632,
   "mean": 2.571980251298214e-23,
   "shape": [
    120,
    160
   ],
   "std": 3.7353213768730196e-06
  },
  "(1, 0)": {
   "entropy": 1.5681011420751103,
   "mean": -2.2587545260114674e-21,
   "shape": [
    60,
    80
   ],
   "std": 5.505352103102861e-05
  },
  "(1, 1)": {
   "entropy": 1.5681011420751103,
   "mean": -2.315223389161754e-22,
   "shape": [
    60,
    80
   ],
   "std": 1.9464359024575005e-05
  },
  "(1, 2)": {
   "entropy": 3.5431025935454743,
   "mean": -1.0030885127016854e-38,
   "shape": [
    60,
    80
   ],
   "std": 3.4139648638936564e-21
  },
  "(1, 3)": {
   "entropy": 1.5681011420751103,
   "mean": 9.882051051300171e-24,
   "shape": [
    60,
    80
   ],
   "std": 1.9464359024652163e-05
  },
  "(2, 0)": {
   "entropy": 1.8627125408292282,
   "mean": 6.866613759074862e-21,
   "shape": [
    30,
    40
   ],
   "std": 0.00030426251279146453
  },
  "(2, 1)": {
   "entropy": 1.8627125408292282,
   "mean": -2.2587545260114674e-21,
   "shape": [
    30,
    40
   ],
   "std": 0.00010757304302761249
  },
  "(2, 2)": {
   "entropy": 1.8627125408292282,
   "mean": -2.7584934099296347e-38,
   "shape": [
    30,
    40
   ],
   "std": 1.891848317255998e-21
  },
  "(2, 3)": {
   "entropy": 1.8627125408292282,
   "mean": -1.8070036208091742e-22,
   "shape": [
    30,
    40
   ],
   "std": 0.00010757304302803893
  },
  "residual_highpass": {
   "entropy": 1.1894479061605656,
   "mean": -8.523269031746397e-21,
   "shape": [
    120,
    160
   ],
   "std": 7.822169374024728e-06
  },
  "residual_lowpass": {
   "entropy": 2.649158683274018,
   "mean": -0.008959742214574361,
   "shape": [
    15,
    20
   ],
   "std": 0.006310972666833459
  }
 },
 "b": {
  "(0, 0)": {
   "entropy": 1.4840333020029632,
   "mean": 4.658681209898652e-23,
   "shape": [
    120,
    160
   ],
   "std": 0.00011177600790497444
  },
  "(0, 1)": {
   "entropy": 1.4839353898369199,
   "mean": 3.6365065542797905e-22,
   "shape": [
    120,
    160
   ],
   "std": 3.951878658169644e-05
  },
  "(0, 2)": {
   "entropy": 4.262137484754619,
   "mean": -1.6049416203226966e-37,
   "shape": [
    120,
    160
   ],
   "std": 3.4293085291539004e-20
  },
  "(0, 3)": {
   "entropy": 1.478148422097627,
   "mean": 3.913115751117523e-23,
   "shape": [
    120,
    160
   ],
   "std": 3.951878658185309e-05
  },
  "(1, 0)": {
   "entropy": 1.5681011420751103,
   "mean": -1.1022722086935962e-20,
   "shape": [
    60,
    80
   ],
   "std": 0.0005824527824149269
  },
  "(1, 1)": {
   "entropy": 1.5681011420751103,
   "mean": -2.6201552501733023e-21,
   "shape": [
    60,
    80
   ],
   "std": 0.00020592815608282608
  },
  "(1, 2)": {
   "entropy": 3.714844303215591,
   "mean": 7.222237291452134e-37,
   "shape": [
    60,
    80
   ],
   "std": 7.473886094640249e-20
  },
  "(1, 3)": {
   "entropy": 1.5681011420751103,
   "mean": -4.280339826791731e-21,
   "shape": [
    60,
    80
   ],
   "std": 0.00020592815608364237
  },
  "(2, 0)": {
   "entropy": 1.8627125408292282,
   "mean": 2.8912057932946787e-21,
   "shape": [
    30,
    40
   ],
   "std": 0.0032190229849768594
  },
  "(2, 1)": {
   "entropy": 1.8627125408292282,
   "mean": -2.168404344971009e-20,
   "shape": [
    30,
    40
   ],
   "std": 0.00113809649073372
  },
  "(2, 2)": {
   "entropy": 1.8627125408292282,
   "mean": -5.015442563508427e-38,
   "shape": [
    30,
    40
   ],
   "std": 2.0015292588840053e-20
  },
  "(2, 3)": {
   "entropy": 1.8627125408292282,
   "mean": -7.228014483236697e-22,
   "shape": [
    30,
    40
   ],
   "std": 0.0011380964907382314
  },
  "residual_highpass": {
   "entropy": 1.1894479061605656,
   "mean": -9.229553337598608e-20,
   "shape": [
    120,
    160
   ],
   "std": 8.275663791598693e-05
  },
  "residual_lowpass": {
   "entropy": 2.649158683274018,
   "mean": -0.09479188062250614,
   "shape": [
    15,
    20
   ],
   "std": 0.06676854660419
  }
 }
}