{
  "num_leaves": 118,
  "max_depth": 4,
  "learning_rate": 0.04398189955114848,
  "n_estimators": 173,
  "subsample": 0.5488122815669538,
  "colsample_bytree": 0.5971293458173397,
  "reg_alpha": 0.0001421305979656206,
  "reg_lambda": 0.7454775057869221,
  "min_child_samples": 10,
  "random_state": 42,
  "n_jobs": -1,
  "verbosity": -1
}